percentile,latency_ns
0.0000,0
1.0000,41
2.0000,41
3.0000,41
4.0000,41
5.0000,41
6.0000,41
7.0000,41
8.0000,41
9.0000,41
10.0000,41
11.0000,41
12.0000,41
13.0000,41
14.0000,41
15.0000,41
16.0000,41
17.0000,41
18.0000,41
19.0000,41
20.0000,41
21.0000,41
22.0000,41
23.0000,41
24.0000,41
25.0000,41
26.0000,41
27.0000,41
28.0000,41
29.0000,41
30.0000,41
31.0000,41
32.0000,41
33.0000,41
34.0000,41
35.0000,41
36.0000,41
37.0000,41
38.0000,41
39.0000,41
40.0000,41
41.0000,41
42.0000,41
43.0000,41
44.0000,41
45.0000,41
46.0000,41
47.0000,41
48.0000,41
49.0000,41
50.0000,41
51.0000,41
52.0000,83
53.0000,83
54.0000,83
55.0000,83
56.0000,83
57.0000,83
58.0000,83
59.0000,83
60.0000,83
61.0000,83
62.0000,83
63.0000,83
64.0000,83
65.0000,83
66.0000,83
67.0000,83
68.0000,83
69.0000,83
70.0000,83
71.0000,83
72.0000,83
73.0000,83
74.0000,83
75.0000,83
76.0000,83
77.0000,83
78.0000,83
79.0000,83
80.0000,83
81.0000,83
82.0000,83
83.0000,83
84.0000,83
85.0000,83
86.0000,83
87.0000,83
88.0000,83
89.0000,83
90.0000,83
90.0000,83
90.1000,83
90.2000,83
90.3000,83
90.4000,83
90.5000,83
90.6000,83
90.7000,83
90.8000,83
90.9000,83
91.0000,83
91.1000,83
91.2000,83
91.3000,83
91.4000,83
91.5000,83
91.6000,83
91.7000,83
91.8000,83
91.9000,83
92.0000,83
92.1000,83
92.2000,83
92.3000,83
92.4000,83
92.5000,83
92.6000,83
92.7000,83
92.8000,83
92.9000,83
93.0000,83
93.1000,83
93.2000,83
93.3000,83
93.4000,83
93.5000,83
93.6000,83
93.7000,83
93.8000,83
93.9000,83
94.0000,83
94.1000,83
94.2000,83
94.3000,83
94.4000,83
94.5000,83
94.6000,83
94.7000,83
94.8000,83
94.9000,83
95.0000,83
95.1000,83
95.2000,83
95.3000,83
95.4000,83
95.5000,83
95.6000,83
95.7000,83
95.8000,83
95.9000,83
96.0000,125
96.1000,125
96.2000,125
96.3000,125
96.4000,125
96.5000,125
96.6000,125
96.7000,125
96.8000,125
96.9000,125
97.0000,125
97.1000,125
97.2000,125
97.3000,125
97.4000,125
97.5000,125
97.6000,125
97.7000,125
97.8000,125
97.9000,125
98.0000,125
98.1000,125
98.2000,125
98.3000,125
98.4000,125
98.5000,125
98.6000,125
98.7000,125
98.8000,125
98.9000,125
99.0000,125
99.0000,125
99.0100,125
99.0200,125
99.0300,125
99.0400,125
99.0500,125
99.0600,125
99.0700,125
99.0800,125
99.0900,125
99.1000,125
99.1100,125
99.1200,125
99.1300,125
99.1400,125
99.1500,125
99.1600,125
99.1700,125
99.1800,125
99.1900,125
99.2000,125
99.2100,125
99.2200,125
99.2300,125
99.2400,125
99.2500,125
99.2600,125
99.2700,125
99.2800,125
99.2900,125
99.3000,125
99.3100,125
99.3200,125
99.3300,125
99.3400,125
99.3500,125
99.3600,125
99.3700,125
99.3800,125
99.3900,125
99.4000,125
99.4100,125
99.4200,125
99.4300,125
99.4400,125
99.4500,125
99.4600,125
99.4700,125
99.4800,125
99.4900,125
99.5000,125
99.5100,125
99.5200,125
99.5300,125
99.5400,125
99.5500,166
99.5600,166
99.5700,166
99.5800,166
99.5900,166
99.6000,166
99.6100,166
99.6200,166
99.6300,166
99.6400,166
99.6500,166
99.6600,166
99.6700,166
99.6800,166
99.6900,166
99.7000,166
99.7100,208
99.7200,208
99.7300,208
99.7400,208
99.7500,208
99.7600,208
99.7700,208
99.7800,208
99.7900,250
99.8000,250
99.8100,291
99.8200,541
99.8300,583
99.8400,625
99.8500,625
99.8600,666
99.8700,666
99.8800,708
99.8900,708
99.9000,750
99.9000,750
99.9010,750
99.9020,791
99.9030,791
99.9040,791
99.9050,791
99.9060,791
99.9070,791
99.9080,791
99.9090,791
99.9100,791
99.9110,791
99.9120,791
99.9130,791
99.9140,791
99.9150,791
99.9160,791
99.9170,791
99.9180,791
99.9190,791
99.9200,791
99.9210,791
99.9220,791
99.9230,833
99.9240,833
99.9250,833
99.9260,833
99.9270,833
99.9280,833
99.9290,833
99.9300,833
99.9310,833
99.9320,833
99.9330,833
99.9340,833
99.9350,833
99.9360,833
99.9370,833
99.9380,833
99.9390,875
99.9400,875
99.9410,875
99.9420,875
99.9430,875
99.9440,875
99.9450,875
99.9460,916
99.9470,916
99.9480,916
99.9490,916
99.9500,916
99.9510,916
99.9520,916
99.9530,916
99.9540,916
99.9550,916
99.9560,916
99.9570,916
99.9580,958
99.9590,958
99.9600,958
99.9610,958
99.9620,958
99.9630,958
99.9640,958
99.9650,1000
99.9660,1000
99.9670,1000
99.9680,1041
99.9690,1041
99.9700,1083
99.9710,1083
99.9720,1083
99.9730,1166
99.9740,1166
99.9750,1208
99.9760,1208
99.9770,1333
99.9780,1416
99.9790,1625
99.9800,1708
99.9810,1875
99.9820,2041
99.9830,2333
99.9840,2416
99.9850,2958
99.9860,3500
99.9870,4750
99.9880,5333
99.9890,6166
99.9900,6750
99.9990,286458
100.0000,313541
